Id;Nom_Fichier;Site_Web;Date_Creation;Date_Modification;Date_ingestion;Taille_Fichier
1;13564-INFO-SOC-GLASSDOOR-E4245_P1.html;GLASSDOOR;2023-02-27 19:30:27;2023-02-27 19:30:27;2023-02-27 19:36:16;228712 KO
2;13736-INFO-SOC-GLASSDOOR-E410527_P1.html;GLASSDOOR;2023-02-27 19:30:27;2023-02-27 19:30:27;2023-02-27 19:36:16;219147 KO
3;13725-INFO-SOC-GLASSDOOR-E10842_P1.html;GLASSDOOR;2023-02-27 19:30:27;2023-02-27 19:30:27;2023-02-27 19:36:16;227870 KO
4;13607-INFO-SOC-GLASSDOOR-E301204_P1.html;GLASSDOOR;2023-02-27 19:30:27;2023-02-27 19:30:27;2023-02-27 19:36:16;223697 KO
5;13705-INFO-SOC-GLASSDOOR-E2762239_P1.html;GLASSDOOR;2023-02-27 19:30:27;2023-02-27 19:30:27;2023-02-27 19:36:16;200089 KO
6;13629-INFO-SOC-GLASSDOOR-E474142_P1.html;GLASSDOOR;2023-02-27 19:30:27;2023-02-27 19:30:27;2023-02-27 19:36:16;200317 KO
7;13587-INFO-SOC-GLASSDOOR-E1838_P1.html;GLASSDOOR;2023-02-27 19:30:27;2023-02-27 19:30:27;2023-02-27 19:36:16;249152 KO
8;13803-INFO-SOC-GLASSDOOR-E20114_P1.html;GLASSDOOR;2023-02-27 19:30:27;2023-02-27 19:30:27;2023-02-27 19:36:16;495056 KO
9;13628-INFO-SOC-GLASSDOOR-E235643_P1.html;GLASSDOOR;2023-02-27 19:30:27;2023-02-27 19:30:27;2023-02-27 19:36:16;215591 KO
10;13553-INFO-SOC-GLASSDOOR-E5304_P1.html;GLASSDOOR;2023-02-27 19:30:27;2023-02-27 19:30:27;2023-02-27 19:36:16;227122 KO
11;13648-INFO-SOC-GLASSDOOR-E1137726_P1.html;GLASSDOOR;2023-02-27 19:30:27;2023-02-27 19:30:27;2023-02-27 19:36:16;208889 KO
12;13653-INFO-SOC-GLASSDOOR-E454220_P1.html;GLASSDOOR;2023-02-27 19:30:27;2023-02-27 19:30:27;2023-02-27 19:36:16;204028 KO
13;13724-INFO-SOC-GLASSDOOR-E1126011_P1.html;GLASSDOOR;2023-02-27 19:30:27;2023-02-27 19:30:27;2023-02-27 19:36:16;194022 KO
14;13692-INFO-SOC-GLASSDOOR-E929611_P1.html;GLASSDOOR;2023-02-27 19:30:27;2023-02-27 19:30:27;2023-02-27 19:36:16;213823 KO
15;13650-INFO-SOC-GLASSDOOR-E809243_P1.html;GLASSDOOR;2023-02-27 19:30:27;2023-02-27 19:30:27;2023-02-27 19:36:16;214297 KO
16;13603-INFO-SOC-GLASSDOOR-E5772_P1.html;GLASSDOOR;2023-02-27 19:30:27;2023-02-27 19:30:27;2023-02-27 19:36:16;224739 KO
17;13795-INFO-SOC-GLASSDOOR-E231247_P1.html;GLASSDOOR;2023-02-27 19:30:27;2023-02-27 19:30:27;2023-02-27 19:36:16;220036 KO
18;13586-INFO-SOC-GLASSDOOR-E649071_P1.html;GLASSDOOR;2023-02-27 19:30:27;2023-02-27 19:30:27;2023-02-27 19:36:16;207787 KO
19;13702-INFO-SOC-GLASSDOOR-E1159854_P1.html;GLASSDOOR;2023-02-27 19:30:27;2023-02-27 19:30:27;2023-02-27 19:36:16;214130 KO
20;13637-INFO-SOC-GLASSDOOR-E3133104_P1.html;GLASSDOOR;2023-02-27 19:30:27;2023-02-27 19:30:27;2023-02-27 19:36:16;189362 KO
21;13733-INFO-SOC-GLASSDOOR-E852040_P1.html;GLASSDOOR;2023-02-27 19:30:27;2023-02-27 19:30:27;2023-02-27 19:36:16;201876 KO
22;13780-INFO-SOC-GLASSDOOR-E35333_P1.html;GLASSDOOR;2023-02-27 19:30:27;2023-02-27 19:30:27;2023-02-27 19:36:16;213393 KO
23;13771-INFO-SOC-GLASSDOOR-E1125581_P1.html;GLASSDOOR;2023-02-27 19:30:27;2023-02-27 19:30:27;2023-02-27 19:36:16;200412 KO
24;13805-INFO-SOC-GLASSDOOR-E846722_P1.html;GLASSDOOR;2023-02-27 19:30:27;2023-02-27 19:30:27;2023-02-27 19:36:16;486570 KO
25;13619-INFO-SOC-GLASSDOOR-E800152_P1.html;GLASSDOOR;2023-02-27 19:30:27;2023-02-27 19:30:27;2023-02-27 19:36:16;219480 KO
26;13791-INFO-SOC-GLASSDOOR-E116383_P1.html;GLASSDOOR;2023-02-27 19:30:27;2023-02-27 19:30:27;2023-02-27 19:36:16;212233 KO
27;13673-INFO-SOC-GLASSDOOR-E1464013_P1.html;GLASSDOOR;2023-02-27 19:30:27;2023-02-27 19:30:27;2023-02-27 19:36:16;189749 KO
28;13546-INFO-SOC-GLASSDOOR-E12966_P1.html;GLASSDOOR;2023-02-27 19:30:27;2023-02-27 19:30:27;2023-02-27 19:36:16;219333 KO
29;13622-INFO-SOC-GLASSDOOR-E847875_P1.html;GLASSDOOR;2023-02-27 19:30:27;2023-02-27 19:30:27;2023-02-27 19:36:16;224065 KO
30;13737-INFO-SOC-GLASSDOOR-E2947949_P1.html;GLASSDOOR;2023-02-27 19:30:27;2023-02-27 19:30:27;2023-02-27 19:36:16;200368 KO
31;13689-INFO-SOC-GLASSDOOR-E2098670_P1.html;GLASSDOOR;2023-02-27 19:30:27;2023-02-27 19:30:27;2023-02-27 19:36:16;199612 KO
32;13677-INFO-SOC-GLASSDOOR-E1063459_P1.html;GLASSDOOR;2023-02-27 19:30:27;2023-02-27 19:30:27;2023-02-27 19:36:16;200957 KO
33;13713-INFO-SOC-GLASSDOOR-E3142186_P1.html;GLASSDOOR;2023-02-27 19:30:27;2023-02-27 19:30:27;2023-02-27 19:36:16;191149 KO
34;13760-INFO-SOC-GLASSDOOR-E1194086_P1.html;GLASSDOOR;2023-02-27 19:30:27;2023-02-27 19:30:27;2023-02-27 19:36:16;211662 KO
35;13585-INFO-SOC-GLASSDOOR-E13058_P1.html;GLASSDOOR;2023-02-27 19:30:27;2023-02-27 19:30:27;2023-02-27 19:36:16;226765 KO
36;13729-INFO-SOC-GLASSDOOR-E234791_P1.html;GLASSDOOR;2023-02-27 19:30:27;2023-02-27 19:30:27;2023-02-27 19:36:16;210671 KO
37;13550-INFO-SOC-GLASSDOOR-E10686_P1.html;GLASSDOOR;2023-02-27 19:30:28;2023-02-27 19:30:28;2023-02-27 19:36:16;219017 KO
38;13562-INFO-SOC-GLASSDOOR-E1303620_P1.html;GLASSDOOR;2023-02-27 19:30:28;2023-02-27 19:30:28;2023-02-27 19:36:16;226744 KO
39;13636-INFO-SOC-GLASSDOOR-E1303620_P1.html;GLASSDOOR;2023-02-27 19:30:28;2023-02-27 19:30:28;2023-02-27 19:36:16;226846 KO
40;13618-INFO-SOC-GLASSDOOR-E1136406_P1.html;GLASSDOOR;2023-02-27 19:30:28;2023-02-27 19:30:28;2023-02-27 19:36:16;194101 KO
41;13693-INFO-SOC-GLASSDOOR-E762009_P1.html;GLASSDOOR;2023-02-27 19:30:28;2023-02-27 19:30:28;2023-02-27 19:36:16;224964 KO
42;13745-INFO-SOC-GLASSDOOR-E3803_P1.html;GLASSDOOR;2023-02-27 19:30:28;2023-02-27 19:30:28;2023-02-27 19:36:16;234105 KO
43;13806-INFO-SOC-GLASSDOOR-E2701639_P1.html;GLASSDOOR;2023-02-27 19:30:28;2023-02-27 19:30:28;2023-02-27 19:36:16;450714 KO
44;13554-INFO-SOC-GLASSDOOR-E855284_P1.html;GLASSDOOR;2023-02-27 19:30:28;2023-02-27 19:30:28;2023-02-27 19:36:16;213130 KO
45;13718-INFO-SOC-GLASSDOOR-E1881876_P1.html;GLASSDOOR;2023-02-27 19:30:28;2023-02-27 19:30:28;2023-02-27 19:36:16;218722 KO
46;13572-INFO-SOC-GLASSDOOR-E2098670_P1.html;GLASSDOOR;2023-02-27 19:30:28;2023-02-27 19:30:28;2023-02-27 19:36:16;199661 KO
47;13661-INFO-SOC-GLASSDOOR-E633820_P1.html;GLASSDOOR;2023-02-27 19:30:28;2023-02-27 19:30:28;2023-02-27 19:36:16;225143 KO
48;13641-INFO-SOC-GLASSDOOR-E28187_P1.html;GLASSDOOR;2023-02-27 19:30:28;2023-02-27 19:30:28;2023-02-27 19:36:16;230119 KO
49;13649-INFO-SOC-GLASSDOOR-E2548_P1.html;GLASSDOOR;2023-02-27 19:30:28;2023-02-27 19:30:28;2023-02-27 19:36:16;233438 KO
50;13676-INFO-SOC-GLASSDOOR-E1130981_P1.html;GLASSDOOR;2023-02-27 19:30:28;2023-02-27 19:30:28;2023-02-27 19:36:16;192401 KO
51;13711-INFO-SOC-GLASSDOOR-E3043501_P1.html;GLASSDOOR;2023-02-27 19:30:28;2023-02-27 19:30:28;2023-02-27 19:36:16;194026 KO
52;13571-INFO-SOC-GLASSDOOR-E1061225_P1.html;GLASSDOOR;2023-02-27 19:30:28;2023-02-27 19:30:28;2023-02-27 19:36:16;215005 KO
53;13623-INFO-SOC-GLASSDOOR-E1146056_P1.html;GLASSDOOR;2023-02-27 19:30:28;2023-02-27 19:30:28;2023-02-27 19:36:16;219317 KO
54;13767-INFO-SOC-GLASSDOOR-E1387356_P1.html;GLASSDOOR;2023-02-27 19:30:28;2023-02-27 19:30:28;2023-02-27 19:36:16;199710 KO
55;13777-INFO-SOC-GLASSDOOR-E116383_P1.html;GLASSDOOR;2023-02-27 19:30:28;2023-02-27 19:30:28;2023-02-27 19:36:16;212352 KO
56;13574-INFO-SOC-GLASSDOOR-E1130973_P1.html;GLASSDOOR;2023-02-27 19:30:28;2023-02-27 19:30:28;2023-02-27 19:36:16;222710 KO
57;13691-INFO-SOC-GLASSDOOR-E1130973_P1.html;GLASSDOOR;2023-02-27 19:30:28;2023-02-27 19:30:28;2023-02-27 19:36:16;222704 KO
58;13668-INFO-SOC-GLASSDOOR-E1127933_P1.html;GLASSDOOR;2023-02-27 19:30:28;2023-02-27 19:30:28;2023-02-27 19:36:16;190409 KO
59;13654-INFO-SOC-GLASSDOOR-E899918_P1.html;GLASSDOOR;2023-02-27 19:30:28;2023-02-27 19:30:28;2023-02-27 19:36:16;193260 KO
60;13800-INFO-SOC-GLASSDOOR-E1443740_P1.html;GLASSDOOR;2023-02-27 19:30:28;2023-02-27 19:30:28;2023-02-27 19:36:16;459624 KO
61;13787-INFO-SOC-GLASSDOOR-E35333_P1.html;GLASSDOOR;2023-02-27 19:30:28;2023-02-27 19:30:28;2023-02-27 19:36:16;213393 KO
62;13634-INFO-SOC-GLASSDOOR-E7633_P1.html;GLASSDOOR;2023-02-27 19:30:28;2023-02-27 19:30:28;2023-02-27 19:36:16;224329 KO
63;13558-INFO-SOC-GLASSDOOR-E6162_P1.html;GLASSDOOR;2023-02-27 19:30:28;2023-02-27 19:30:28;2023-02-27 19:36:16;242984 KO
64;13633-INFO-SOC-GLASSDOOR-E672181_P1.html;GLASSDOOR;2023-02-27 19:30:28;2023-02-27 19:30:28;2023-02-27 19:36:16;214629 KO
65;13645-INFO-SOC-GLASSDOOR-E14590_P1.html;GLASSDOOR;2023-02-27 19:30:28;2023-02-27 19:30:28;2023-02-27 19:36:16;229505 KO
66;13652-INFO-SOC-GLASSDOOR-E788645_P1.html;GLASSDOOR;2023-02-27 19:30:28;2023-02-27 19:30:28;2023-02-27 19:36:16;225570 KO
67;13741-INFO-SOC-GLASSDOOR-E1132227_P1.html;GLASSDOOR;2023-02-27 19:30:28;2023-02-27 19:30:28;2023-02-27 19:36:16;218299 KO
68;13606-INFO-SOC-GLASSDOOR-E31197_P1.html;GLASSDOOR;2023-02-27 19:30:28;2023-02-27 19:30:28;2023-02-27 19:36:16;225826 KO
69;13577-INFO-SOC-GLASSDOOR-E235143_P1.html;GLASSDOOR;2023-02-27 19:30:28;2023-02-27 19:30:28;2023-02-27 19:36:16;226381 KO
70;13575-INFO-SOC-GLASSDOOR-E1922609_P1.html;GLASSDOOR;2023-02-27 19:30:28;2023-02-27 19:30:28;2023-02-27 19:36:16;193386 KO
71;13627-INFO-SOC-GLASSDOOR-E253618_P1.html;GLASSDOOR;2023-02-27 19:30:28;2023-02-27 19:30:28;2023-02-27 19:36:16;222352 KO
72;13727-INFO-SOC-GLASSDOOR-E1261010_P1.html;GLASSDOOR;2023-02-27 19:30:28;2023-02-27 19:30:28;2023-02-27 19:36:16;193433 KO
73;13709-INFO-SOC-GLASSDOOR-E1365869_P1.html;GLASSDOOR;2023-02-27 19:30:28;2023-02-27 19:30:28;2023-02-27 19:36:16;213905 KO
74;13614-INFO-SOC-GLASSDOOR-E230035_P1.html;GLASSDOOR;2023-02-27 19:30:28;2023-02-27 19:30:28;2023-02-27 19:36:16;220051 KO
75;13602-INFO-SOC-GLASSDOOR-E3516_P1.html;GLASSDOOR;2023-02-27 19:30:28;2023-02-27 19:30:28;2023-02-27 19:36:16;229717 KO
76;13612-INFO-SOC-GLASSDOOR-E845851_P1.html;GLASSDOOR;2023-02-27 19:30:28;2023-02-27 19:30:28;2023-02-27 19:36:16;201706 KO
77;13617-INFO-SOC-GLASSDOOR-E139323_P1.html;GLASSDOOR;2023-02-27 19:30:28;2023-02-27 19:30:28;2023-02-27 19:36:16;219768 KO
78;13630-INFO-SOC-GLASSDOOR-E456207_P1.html;GLASSDOOR;2023-02-27 19:30:28;2023-02-27 19:30:28;2023-02-27 19:36:16;220820 KO
79;13626-INFO-SOC-GLASSDOOR-E3765_P1.html;GLASSDOOR;2023-02-27 19:30:28;2023-02-27 19:30:28;2023-02-27 19:36:16;230464 KO
80;13615-INFO-SOC-GLASSDOOR-E6538_P1.html;GLASSDOOR;2023-02-27 19:30:28;2023-02-27 19:30:28;2023-02-27 19:36:16;222452 KO
81;13714-INFO-SOC-GLASSDOOR-E10777_P1.html;GLASSDOOR;2023-02-27 19:30:28;2023-02-27 19:30:28;2023-02-27 19:36:16;225897 KO
82;13643-INFO-SOC-GLASSDOOR-E2411165_P1.html;GLASSDOOR;2023-02-27 19:30:28;2023-02-27 19:30:28;2023-02-27 19:36:16;191012 KO
83;13809-INFO-SOC-GLASSDOOR-E413452_P1.html;GLASSDOOR;2023-02-27 19:30:28;2023-02-27 19:30:28;2023-02-27 19:36:16;530645 KO
84;13600-INFO-SOC-GLASSDOOR-E541990_P1.html;GLASSDOOR;2023-02-27 19:30:28;2023-02-27 19:30:28;2023-02-27 19:36:16;197832 KO
85;13807-INFO-SOC-GLASSDOOR-E1260894_P1.html;GLASSDOOR;2023-02-27 19:30:28;2023-02-27 19:30:28;2023-02-27 19:36:16;418855 KO
86;13625-INFO-SOC-GLASSDOOR-E192082_P1.html;GLASSDOOR;2023-02-27 19:30:28;2023-02-27 19:30:28;2023-02-27 19:36:16;230753 KO
87;13772-INFO-SOC-GLASSDOOR-E3974_P1.html;GLASSDOOR;2023-02-27 19:30:28;2023-02-27 19:30:28;2023-02-27 19:36:16;220780 KO
88;13753-INFO-SOC-GLASSDOOR-E13339_P1.html;GLASSDOOR;2023-02-27 19:30:28;2023-02-27 19:30:28;2023-02-27 19:36:16;223821 KO
89;13710-INFO-SOC-GLASSDOOR-E476908_P1.html;GLASSDOOR;2023-02-27 19:30:28;2023-02-27 19:30:28;2023-02-27 19:36:16;226003 KO
90;13604-INFO-SOC-GLASSDOOR-E37990_P1.html;GLASSDOOR;2023-02-27 19:30:28;2023-02-27 19:30:28;2023-02-27 19:36:16;220218 KO
91;13639-INFO-SOC-GLASSDOOR-E7448_P1.html;GLASSDOOR;2023-02-27 19:30:28;2023-02-27 19:30:28;2023-02-27 19:36:16;230375 KO
92;13646-INFO-SOC-GLASSDOOR-E3489_P1.html;GLASSDOOR;2023-02-27 19:30:28;2023-02-27 19:30:28;2023-02-27 19:36:16;248713 KO
93;13655-INFO-SOC-GLASSDOOR-E717393_P1.html;GLASSDOOR;2023-02-27 19:30:28;2023-02-27 19:30:28;2023-02-27 19:36:16;220591 KO
94;13732-INFO-SOC-GLASSDOOR-E158808_P1.html;GLASSDOOR;2023-02-27 19:30:28;2023-02-27 19:30:28;2023-02-27 19:36:16;231533 KO
95;13734-INFO-SOC-GLASSDOOR-E10358_P1.html;GLASSDOOR;2023-02-27 19:30:28;2023-02-27 19:30:28;2023-02-27 19:36:16;230050 KO
96;13551-INFO-SOC-GLASSDOOR-E794111_P1.html;GLASSDOOR;2023-02-27 19:30:28;2023-02-27 19:30:28;2023-02-27 19:36:16;215857 KO
97;13638-INFO-SOC-GLASSDOOR-E1481570_P1.html;GLASSDOOR;2023-02-27 19:30:28;2023-02-27 19:30:28;2023-02-27 19:36:16;200219 KO
98;13559-INFO-SOC-GLASSDOOR-E13824_P1.html;GLASSDOOR;2023-02-27 19:30:28;2023-02-27 19:30:28;2023-02-27 19:36:16;219560 KO
99;13570-INFO-SOC-GLASSDOOR-E1394648_P1.html;GLASSDOOR;2023-02-27 19:30:28;2023-02-27 19:30:28;2023-02-27 19:36:16;216465 KO
100;13647-INFO-SOC-GLASSDOOR-E241449_P1.html;GLASSDOOR;2023-02-27 19:30:28;2023-02-27 19:30:28;2023-02-27 19:36:16;214964 KO
101;13758-INFO-SOC-GLASSDOOR-E5694_P1.html;GLASSDOOR;2023-02-27 19:30:28;2023-02-27 19:30:28;2023-02-27 19:36:16;232147 KO
102;13761-INFO-SOC-GLASSDOOR-E1366034_P1.html;GLASSDOOR;2023-02-27 19:30:28;2023-02-27 19:30:28;2023-02-27 19:36:16;216087 KO
103;13678-INFO-SOC-GLASSDOOR-E379472_P1.html;GLASSDOOR;2023-02-27 19:30:28;2023-02-27 19:30:28;2023-02-27 19:36:16;222799 KO
104;13598-INFO-SOC-GLASSDOOR-E1363502_P1.html;GLASSDOOR;2023-02-27 19:30:28;2023-02-27 19:30:28;2023-02-27 19:36:16;191449 KO
105;13712-INFO-SOC-GLASSDOOR-E3041003_P1.html;GLASSDOOR;2023-02-27 19:30:28;2023-02-27 19:30:28;2023-02-27 19:36:16;192973 KO
106;13783-INFO-SOC-GLASSDOOR-E231247_P1.html;GLASSDOOR;2023-02-27 19:30:28;2023-02-27 19:30:28;2023-02-27 19:36:16;219917 KO
107;13770-INFO-SOC-GLASSDOOR-E1013306_P1.html;GLASSDOOR;2023-02-27 19:30:28;2023-02-27 19:30:28;2023-02-27 19:36:16;205421 KO
108;13584-INFO-SOC-GLASSDOOR-E1044716_P1.html;GLASSDOOR;2023-02-27 19:30:28;2023-02-27 19:30:28;2023-02-27 19:36:16;221869 KO
109;13790-INFO-SOC-GLASSDOOR-E9028_P1.html;GLASSDOOR;2023-02-27 19:30:28;2023-02-27 19:30:28;2023-02-27 19:36:16;238833 KO
110;13779-INFO-SOC-GLASSDOOR-E33451_P1.html;GLASSDOOR;2023-02-27 19:30:28;2023-02-27 19:30:28;2023-02-27 19:36:16;219542 KO
111;13708-INFO-SOC-GLASSDOOR-E4252_P1.html;GLASSDOOR;2023-02-27 19:30:28;2023-02-27 19:30:28;2023-02-27 19:36:16;234998 KO
112;13699-INFO-SOC-GLASSDOOR-E3489_P1.html;GLASSDOOR;2023-02-27 19:30:28;2023-02-27 19:30:28;2023-02-27 19:36:16;248713 KO
113;13640-INFO-SOC-GLASSDOOR-E427636_P1.html;GLASSDOOR;2023-02-27 19:30:28;2023-02-27 19:30:28;2023-02-27 19:36:16;220120 KO
114;13801-INFO-SOC-GLASSDOOR-E736804_P1.html;GLASSDOOR;2023-02-27 19:30:28;2023-02-27 19:30:28;2023-02-27 19:36:16;506490 KO
115;13722-INFO-SOC-GLASSDOOR-E1256638_P1.html;GLASSDOOR;2023-02-27 19:30:28;2023-02-27 19:30:28;2023-02-27 19:36:16;219293 KO
116;13700-INFO-SOC-GLASSDOOR-E1127781_P1.html;GLASSDOOR;2023-02-27 19:30:28;2023-02-27 19:30:28;2023-02-27 19:36:16;216162 KO
117;13769-INFO-SOC-GLASSDOOR-E658429_P1.html;GLASSDOOR;2023-02-27 19:30:28;2023-02-27 19:30:28;2023-02-27 19:36:16;237388 KO
118;13716-INFO-SOC-GLASSDOOR-E466295_P1.html;GLASSDOOR;2023-02-27 19:30:28;2023-02-27 19:30:28;2023-02-27 19:36:16;229381 KO
119;13762-INFO-SOC-GLASSDOOR-E253138_P1.html;GLASSDOOR;2023-02-27 19:30:28;2023-02-27 19:30:28;2023-02-27 19:36:16;223776 KO
120;13576-INFO-SOC-GLASSDOOR-E18712_P1.html;GLASSDOOR;2023-02-27 19:30:28;2023-02-27 19:30:28;2023-02-27 19:36:16;224700 KO
121;13679-INFO-SOC-GLASSDOOR-E906809_P1.html;GLASSDOOR;2023-02-27 19:30:28;2023-02-27 19:30:28;2023-02-27 19:36:16;205310 KO
122;13701-INFO-SOC-GLASSDOOR-E1132974_P1.html;GLASSDOOR;2023-02-27 19:30:28;2023-02-27 19:30:28;2023-02-27 19:36:16;212472 KO
123;13764-INFO-SOC-GLASSDOOR-E1164584_P1.html;GLASSDOOR;2023-02-27 19:30:28;2023-02-27 19:30:28;2023-02-27 19:36:16;198288 KO
124;13802-INFO-SOC-GLASSDOOR-E3127620_P1.html;GLASSDOOR;2023-02-27 19:30:28;2023-02-27 19:30:28;2023-02-27 19:36:16;413913 KO
125;13621-INFO-SOC-GLASSDOOR-E1178969_P1.html;GLASSDOOR;2023-02-27 19:30:28;2023-02-27 19:30:28;2023-02-27 19:36:16;200359 KO
126;13717-INFO-SOC-GLASSDOOR-E1187250_P1.html;GLASSDOOR;2023-02-27 19:30:28;2023-02-27 19:30:28;2023-02-27 19:36:16;216942 KO
127;13706-INFO-SOC-GLASSDOOR-E19928_P1.html;GLASSDOOR;2023-02-27 19:30:28;2023-02-27 19:30:28;2023-02-27 19:36:16;218765 KO
128;13746-INFO-SOC-GLASSDOOR-E589990_P1.html;GLASSDOOR;2023-02-27 19:30:28;2023-02-27 19:30:28;2023-02-27 19:36:16;236989 KO
129;13563-INFO-SOC-GLASSDOOR-E13082_P1.html;GLASSDOOR;2023-02-27 19:30:28;2023-02-27 19:30:28;2023-02-27 19:36:16;231417 KO
130;13624-INFO-SOC-GLASSDOOR-E397805_P1.html;GLASSDOOR;2023-02-27 19:30:28;2023-02-27 19:30:28;2023-02-27 19:36:16;226388 KO
131;13796-INFO-SOC-GLASSDOOR-E3054_P1.html;GLASSDOOR;2023-02-27 19:30:28;2023-02-27 19:30:28;2023-02-27 19:36:16;236918 KO
132;13704-INFO-SOC-GLASSDOOR-E9347_P1.html;GLASSDOOR;2023-02-27 19:30:28;2023-02-27 19:30:28;2023-02-27 19:36:16;230202 KO
133;13596-INFO-SOC-GLASSDOOR-E111193_P1.html;GLASSDOOR;2023-02-27 19:30:28;2023-02-27 19:30:28;2023-02-27 19:36:16;225714 KO
134;13755-INFO-SOC-GLASSDOOR-E1762947_P1.html;GLASSDOOR;2023-02-27 19:30:28;2023-02-27 19:30:28;2023-02-27 19:36:16;189621 KO
135;13792-INFO-SOC-GLASSDOOR-E33451_P1.html;GLASSDOOR;2023-02-27 19:30:28;2023-02-27 19:30:28;2023-02-27 19:36:16;219542 KO
136;13660-INFO-SOC-GLASSDOOR-E26056_P1.html;GLASSDOOR;2023-02-27 19:30:28;2023-02-27 19:30:28;2023-02-27 19:36:16;223340 KO
137;13778-INFO-SOC-GLASSDOOR-E9028_P1.html;GLASSDOOR;2023-02-27 19:30:28;2023-02-27 19:30:28;2023-02-27 19:36:16;238833 KO
138;13723-INFO-SOC-GLASSDOOR-E373493_P1.html;GLASSDOOR;2023-02-27 19:30:28;2023-02-27 19:30:28;2023-02-27 19:36:16;207335 KO
139;13552-INFO-SOC-GLASSDOOR-E2131167_P1.html;GLASSDOOR;2023-02-27 19:30:28;2023-02-27 19:30:28;2023-02-27 19:36:16;200301 KO
140;13728-INFO-SOC-GLASSDOOR-E200717_P1.html;GLASSDOOR;2023-02-27 19:30:28;2023-02-27 19:30:28;2023-02-27 19:36:16;222898 KO
